RollNo,RollCode,EncryptedQRPayload
26030078,11025,"SvoGvMP/+6inZln/1hwNYYMYiFVIiVCW2R1mHQErTR0jcTmXIFRKjZ32QrAB5/szaZQbLTUeHFVdagzLI1QwRorIqAbkx+OexHXKLrQ7sKwUmtWZ8+fwGHIfWTs+gs6kAu4xsG9Se6cl8v8BZxfiotDYBNOT5Rt3EHNwCFzthPpkelhtr71Zz7F7b1QxJ7CUe109x5PM5HOUTQpJlW3B4ZgAb2r3FW38WOUw25Pg+DEYdTR7lg0Ce+VEeE/Kh943RcCOYOIBCbVtUiEfPv+lImIdX8FVw9RwnwdzGvIx2/Hl1pxhQnHncOP+LAa9m/t8ebwQAGa/X5hDDk1PlUjhFwjHWa7L7dX66R6XmuHs9W6I2vqjPsrq4Aad43wXnEY4pmR5QLnnA1Hk6+A60Wrb+7bDzQUiaXI6q/MQ5xj8AbXhel5Op2b0pZci9Th0WVEbFWuei7RMK0v55mPDQThD8df9qZUpJEwFSqO55aUQuVbY8EIfOA6rthowdbRhFl9NzqOSGs/yAxPfr6e444kjh4IpPQ0IeD9xRU++/qorlI7JxZfzj3PBoO2vxgsRrCYkQcGzLZhpzsA+HP79BbxlgdmlBHPwdrk8GauTAfZCYAj14S3sJUuC/Nr7GqK4v+7sSxI/+vMHxjL+IuJHunvhjrhk7OtvnMHUGfC+Y72I9i3204EOj3tBfb2gUU6qF9BSqRCnxzoZCwFpYtWqH4ssewdUlL21ns5MerQd/YKZAX17IwPJ/Rv5ENd/XZtf7vhb"
26030078,11026,"rWqTBfphOX+gg9th0VloMBmnIERmnwc/8dnKIcbJxvf7iHXRdUv2Qh2gPJuFYzx4ArfaT9zUG4s6tScgkcSruZNVOgkC8FHcEvgUblc8j2CpPKVzZf6sP8KQRP+DqcvM53mUd2ecn10L+ldAX703rIummBa8eaCN/gLJtXuW+JU6EuCZZOsOO6l7jcq9H5v2/bbV3xKw/osPlq1PX+43JxyDYcY1YfahedgXGw/8CBwI/SH2tnWJUyUEk8Y4dEFwgRPOZGmGqksHjUgYdBB6B2ebKph1+QtCbEn0bH/F3TApe/b4IYLYjwFOxmsNrCxey1AwHVJmVOK1XB4InSzSdxk+OjZ2zcyA+kyv1BuyhQv6zFPDchLGcaWSZOo64UIsc3DZEtPJ73cDPg6B2GupuvCvczzCrSbAyZPyCKkmSV/sW7pVUuhkxgbOzcl2RTROnCZM7aITG2Bv4Okt7MTjkOGEuk99BoMA3Us0n7oBeA4M35JYhARwv1i6gx4XX4TTy46AOXSXPZsAP2Is8ETsBHAF739eDDPp5G8tn7exKvhNU4q1VbmUtNRYl6LPRmcH0ue7NwUZ5mF1ZAkavNokrSBv8Tg7XASTQqAbYP+oIUtOGMmIX8gODYNIh73M0a2dmVD7HqNmQbaMscusJugCX9vUOtCesyKhY+0JbdvtdwEfPv0OHjZJF7x9MwB3+O1pYfPz8a5m/f39tlzmuSbbFJKNS1H82x9VDC6ETijQUz1gL0X7tfNoY+U7PSvQ7tE0"
26030078,11027,"qjRjdxjwf9JgjA35RxxPKGswGKdeYm1bwKl5MgPdJEJ6s+E3t1pKeXEIzO9g7N3eF6iif9H+1dpUsOSjWcU+oL8Cyx6oU3yvyiHCL3FjhveqE0QJhBUjHPz5ZmD02kTk6A95rXpxlhIAM8ChoS9rTEImoac43z8CY8Pm+dtOG7xxhoDMGHSE7vFtrZ7Kh/XaoZZKcnychFJCAlmxTpFaOD6YoKzQ0Hz4A0V+yvCylMAaT5uC73XuiMzRHCmdOJ4qMq6IZJozlHvBaE4WHR2s1/ximLZZ+N6AdF/u47MJL7SUAy3cUI0/PBS1bYJkDLbajJ/DoYQvUAn0SrtIdIje+fkubhbuOBVzrMNnwAvQSa0s+yAmUylIUYKNO9FcydcenmL2x3UaygMg/Z6jIxCOMkC5SAnSzYdKDf2hHZkshN8eXbyM7d5j93UtitRRoTMgrX4zDqzzKUWY5hpAYMTXH7C9nGIAuxRJIHLcmtRRlA6VH7X9TMVOFQckerqCQEqJls+sFF999kNggiL4cTUIywqIZz19wjFmpLHAYH9TvHr1j8Yw6I+vv+5+ESAS6u26fd+ImS+JFvpsKqMRki3LZmBCPOf3o4t2l5kpqrIJL76VhQyuLrgJqswH50iHkU6RONkgxLAKYtJU29YXCzdcIQlhvfTnXsCTr/s5piXZETLmFVaMTgqPHkM9LViVmPuRy+mKmj7p3t6AkrT6r46gvMHaL9ULsTRybyDHCnN6/cg="
26030078,11028,"HgBY1Fd9hm0kZvK0PbjbDNIVBaHvGWAGxIQ045pBHeS2H/Th/6Y2CQxI2rUB4hkf+sufyKF6DSbUbUvR+PbBs9nmJgJZMzmL2SWV01lpcN7R0zDeKgZ4OrGarhR5N0W+wYgdBk6DnPr+K8sm9ZMvN9mPr15tUV3r+zTAvUhAQDOVoSUctrFcrWuyeRFAwHJTG4XxPXdIZboee3QZ8Erz7WME+gp5aS8ZtXFGactiS3w0fYmwy6qA8nwpQRL1Z+O1V7CnBFBeCjgwXtfw0+CowXPM7jReDpAlvjIV76Vayi+FeOvREEbnKUSgGi4XZhrUaKmRXsACIu3W4kuJQdb3AQvSi8Ix6ARZ0kjjOwFmKw/GNyHBFh2NGJePcRWfDyYfGpIyvEoufypOv480O7czv7VnAaRc6HjihwJJybrlFMsU48vaDiFEnnlZ2WI9JO3/ym7ltrToBZcXhomeiknTqHMAO28HT71J87NapyO8vm1rMIOA1UiLBVqeuu3/+Rjr9BcknJpYlYsl6o7Qp8Lpw1klnVhtEPlnAfjIEElVwqFE4R6kiQ0o4YJqH5h+h0sqXEs7rwn7AwxUJvNYcl+pHVuaHuhkC5j0QvtWtc8fXCmgCdaYeUOc6sHTBra/UwqwkIacuoW+DiRn+skaEd0e+AbueLV6uFjHoou80fuYwbo8fQSmhgYRmWNUPfvEvLbNfe/l9AgkHtXNN0jPJ0pMAMT+WTwEi1sXzokTkQt5z6V+9uSj9rHJUfYVnzcyu8sf"
26030078,11029,"hnzYmcuPJI5iychuiIppVQ6ui+vTv2EAmRmwg93YHSx7d/Fg+9uRbeh5h8xFf3XemzQl7QDkm/ji4HmQEq+s6916vwygNRCdTjE8PW1IgFriABt9cCn9U/+Gy/CEP9ADnhQcaI4GLhQCfkRkXW0Cb9FmVtflx71TuHIQBbQQt1lpzFb0qu36jeNV8GvaEiOL3uIyqfdDfDwj4Ek7DgV6/RhIcyfLDV/tVChlZRtmvykRm6NeFn1R86K5K2HmPTWyjLDV6MuOHWzQ31G3D7asjyPcb10/5UnRG8LmTZGD4X1x/NBrpvAYZs24+1gsTW/JJzZuM0hl1HNzk1f/s6PEdRXpcRcpTjIM/CKLT1QL+Aq6dI/j9Wx9JSv+VOORjTJKw1O3FeIP+hRkCeKMMMyKa1WESK/FX7KlP2u/1pRZMKmyPInKVafDY7PhtSwuMhUJSci245eQCuU/4hAWBWdRUhx+DlQ+8Pl7Mi7SG1oY700OCgSBMuCGJEosQiR9MEdBGgmuSsZRvuUXg6/lprAzaKmknOuo4nF8JjlZJtl1/rnGqPuGybTRvBp5zhZXs2YxnKGETWjMkL+SV4GEb1ps+XdFKja8ydDA+pDN+2VmWCfY+Ayvad/MEFIXYHXROLRT79iINU0sFYjPpNexcvHPYpT/HsMC2aMIS3wY8C3qqE51N8A5CfLnZx1shWeB16qFdwdVK+Yncc6twC8SJdQkQmTJqR4Nxfl4WBSZNuOqZLda4+1e4wH6dy033Y5HOTwh"
26030078,11030,"gc2+Ti05iMyDKLLYIsKSzeFCfMppq2bCHVboZdLKfvC1ovxJ/OjYG93s633MqtAPMjVbTOtcjo1t482pgGLM/ML9JEdmssupa6ECksQ9tqKMHUS/ISh0EIwzKqNe9jpOpOHOOjTix+oj4Yc1Xpr7koD7qcWW1uQtnFX5rq5p3S50CZK9TJsKnOxMsbZagU8HvN0Rgo0lzl1my0lj4f7bX7XDxM93j7C4bn3MTrCjbEbBR+9/6+tTwj6WKdE4AbFOY+neKwSw7r+9VfOui7Qvs95O0n1u1FcvdQ8ju0aTbFLPvRddw6xwGUyCvD2OzChrAo7lIP4+QEiEXvcG0vZka6k9RQquKAEVEC7QDiCbi6p99eYirSGHm+7Sy5YKlWepsi0DUfzr+FOyiiQa2yG1cXN3T2lnprCup1ng/qCVKvbhvx/0Hyh5WQP4Xd74X6JlGyERnVhkVoWJ2tvxsD0w+LMEfMrlIy6WfCr36itmdiTnydc24w1f6m+9gbemYFJ+AeM0nwlLebv3WvpwifxjKX1eSC5q/6aUkofNDvNKNzZHI674+vXRVomj4jx6gJId5cDvlZyJL3za37BbX2sGb0kydskgabolG1QoanxU3NeL7GuXkMzAaqMGdmlfj/98nqdhqt+c24aN2LcdD9E3TJWphPOmL3Cbymwwoc0PhV3xyzXAYU242PU00AplKa+gy34/GOIUjlJZWRvAdr9/bCnQxcXlz7TzuQvIwf2f+sQ6dxuUO9dTUQlrb08UEOYD"
26030078,11031,"Ac5ki6o+K8UZUqaePeRF2vr3IFVyv9uIiFUL/ph9W9h3KPUzTLorYy3Xpv7Eius6hQIxzSRcy81Ps9+jvDyrcT0zvMcyzVEjqz7D+VZp9ReMFwI+pPPijysFE68DkwDCHEHBUbdif431zQPUd7Rv8coa2lQLekhNhDaX26a07n5uir/77OilZRaQjmyI7MWAT8m+T7p3mf8S0fzV6HRj8ROQc9znBRncPZjev/gXhkXC61nDog9ikt+CNE+E79aKg8BY3EZ7Q8CVQHKH6gTNpPdTyo5Uech2EhG/X7rk91Ul4bkurmPOW7aS75odaqsWaEMsr3W9q7qgUa5vlmwOt1MohgtjPVFU/Yd1UfYj0KCsk4ywoMsJEJcFzugggvV60YDCx2Mw3Q9S4wmhNmfZbB6qNZ8G6nl0GLNfd9YZqxobmMv2jodUqtTme/JjP1lrFTVOn0S35tEhRDH8QVvsiFw9Qq1a9KryxVEMmHFlV0E9I6d9y9wjwi/okJYPP3efCc4hfd+Yj//fhkCwq0kHBs03y+mIhEEPBTm+iMahqLA7gC6B+Q1j+JZL3D4E7tKPCOFNYXnO6Kd0y+tFPx8stU7K33IJD6AyyehkHG6EAE/95S9Hp+Xar67naJpu7yUPOtFoRu96kkO5nR5dM+XJ4kl3lnwvM0kb7jqD/5IzgyvK7XnieuQMVdURtNzC+6w1SBSN2LL27WmblYtlTUzd+uB8fQHvq7okgRbpc4bE+t0="
26030078,11032,"5RLIC1E6o1r5j+1sBVWCUQ6n3sfnh7hdUoU2OZLFLrDP2dL2n9Gahjclm/mNJalEN1KgtDtnCFxY9z0E+N3ZWmLJaCvnpvaz0ojKkkozO46aGaOO+iXl/QZblYfIAL7NMuDRlbzwekF8P4J3hW91cm08QqN7XOaPqSsPVU9GiTpdPhduCyJVk8F46E5COfbgqz1stcS2PVNa4aFP+zsmXC6YHquXKP/aGofp3wc9+JmVscMT9CK5fv4qC/AX306b7cijAt5Gw8kKU4iKiyMG8Lqc/YCt8Hl9lcWSsT21Sha+YDBRl7B11PUcEuZLoTkCUgoWJaSHinJpVZA0w1Q89OkYIfGyQmcRmT2RWBhSmqCXzHhqYDoMTzsY1Yj9lalkm7+L/Ftfz/GnhTTmCqmmaBWqDZGFnBbAvKOEDvPDhzTLB2xMwZrA3mnmP5qLCEawgKpprD1VYW17oV1qji2DeZcTmQTNr6EzX6M7BNhcKFY3Nxz1mcTWO5OoaSKHSyWUmSoDceyVVEP3ODdBsANqROsidlyBLoJyqXpdfDi21SFF3i29UQhQ7W6tkxnBZUcX5UDy98rSxDQ61vA+mJ2Ih5Ex9XPKirAm+frDla0Y0T9nPvw8DE5qGkZCkIepw4IS3U/EjT352eK74u1fWDaCkiE55d/10fO1Wv1UG8N2eyVWUzNII6V0cbLGv4Vc+fU/Xp5ZEM3sY8A4lCRBqj9o27wh7Ca25Kmv3rDoEUXqDoc="
26030078,11033,"VYncsqSOVZN+lZIuBcm2iuPEanuRFkc1UWc2oAf07k/DXBYtzWNpIZTbyPNhBVeOEIjxOqN98/TwQWSdUrh7o7SmHyUQH6UV3zWryJp3HrBRWkBgpL7A1TmUMe/a7S15fKvIpjFb/hbr2kPWB8g2rygBnsVEQkjPNW4rSyRDiNf+DcbbbmLQCCghYbJsHlma0BttFq38Hdr5oLyRtbVvpoy6DZgOexMyV1uFK7rSf9U00zXHjI8Ce3DWf0HQ165JnVQbrMO7cXqXIefl8hXa4m9qtk7KpY/p2NbO5jLYifbcgOSRAk5tqhPaB81G5cQdIP9/fpBcFWBxPJM+zsCk4u65EHmX8FLcEzDueLdI6RsUV0wD9ZIvCth1IfcXz5DNQtPqZIRK6vhUpvS/f0Ajhoz94tTEy4EXfjvNpHAZeuaC7H1QICBBRJ1pN/bI1fXiUR7QEuxti4o+mfXrW63JtA2l72CvzSHSdByppCfWzG27IoX/Z9ViwKaQLQw1p6M5szSKhI4oBglutOtBZQZoNfAc1fxd9ztWC4HS+1YJnHjLn6ltbauWuYUmAI0PtmqCwA6pJGqammFiCiDStTM0WOAIuyWMBKYBHFbireA9IUnTVqybCnZXqnbRLJnYZCklEbDMfBecqxZoNdXUJ1ReJUf57JSWSWtzz8Jd8keWRhWdezxD8tYWEHKi4TXjlyaknK7H9oGJTNJm5FP6cgb9196XO8iF8sHs8ZGXVfZwxFuYKb0ZKvxdz2Op58+0IGMR"
26030078,11034,"FAiFviz5swUoquYJMgAABhYbq8TWj475qx79MYS64SBP6VXIlAXaSVF1JU/63vbtfGiD4eRsUaOSQ9czwunZejO8vhRqpIHS9RN9WdSCZKBUoBIA83T3G8wgbkWmK5o3FysEqOQCNBozMHQAWIUyZ4JK3iTQ6qSqhIiZ0CNg4Y80iYKcQZmQyNtkQhNCvhQ/xdCRHvwPDNUqYxgoXYCRZLLPwJ05UOkJP4Piyipm69/h1E8Yhxi//2VCEcqr8utNUbEZaQvcaiAa4de71OW64hZdYYM7xzV3f95WR14peZjdMgFSXG8Pt1wT2/Vctb0TrvhSZ2nI11tpuPEuht10laYA/+7Z9YZems2hzhz8ovLpenZSFInSbPswtcd/t7RM8Z7v0w6A+POgEHa8fqInNLjlqT8Ko9YO5acNgtHj0BqDCJHwFKPcB8HEv3yAb7LC2nFEyMlkMKF3NhxVsk528+pTG66N41RoY6MVn8IzoDZAUg50873m9y3bid+ErE4GMfQ83gliW2yrQfrxRySv8rCleo25SOQv+8mfJ01CJLhr7iWB2q2P5kr9QHjU0BkP8WYGHPylStpzQpd5hH9L+FurOMnf4ftApZ3/njmvjHvHSbMn9OJu5g/DKoVnMe3cM1fq2zjMJ7/wH4UkiXzqSZ58C+v6VM9bs24wutJim2e6DkykWAoDW6ADHgXHXcOkaZ5EYZgawgZ4UGvnv22mSIS6ExX+dik4biqH6UABjv0="
26030078,11035,"6aB9U6XunLjSTL5hbABXh3od06hJKaehc8VW0LSitVgbG6DXuXGdN7Rli3ZEgEe5iwqFag5ueAbJJ6+QAdebm2H3ufUMOBts3e9sK+Z+NHdq30E2C1KUNOqAULhlYqPcMrFupqa6lA1q73GSxKbPhkUQERl4LUvLkQyOQsXPGLvMCwWhtWw+rOgxQP/pmjUBDNH68eSFlJea7qSFYCfH5tfLgaIomiLBBg/VLhPunme8jBt0jX41MX2mXONMUt4cmUMYTO3gz68yudSP8MoDmH5Pnc0a8wNLI7Q6LbxsKMbDS0+M/k6k+RK3MqiisNixMVHQ7bwv/S4nDHELvrXnDvn0yvPG6BXxQjCpGRlFiVLxopHAp/dnS+v8iAWLJj8YlkmHGfHyZxaMXozKSzbm0aXb00B9jmF8lGjBEykhRrItD9GICRl1ZFGsPbH5VwRsA3Hwk36rQpA17DvP7QFIlYz37cuirldN2CQ4MtdXRnV0B6AdWkGC4GzLwI3fGvL6nRuK/9Vh9vg/FFoKtf66ngVG77KcOPkjAEZYg1Ns+LEfxGY4GtdSYZqmYU2/IzP5RdpPCV/NprCcSDfGfsAMDnvc+VbYKrftbZQgBgdlTQP4a/f2uvA8NJVKKXlFnjRB0P6kYidQYorFiiJqAa8M4ZCJohKzBo0tiRxKqjn6W7rmgqiphsp2aaIHzcBM9SMic9xgTHXL3dAX/mVQbfn0XCOX2ul6XHg+JLzj0oDkcK0="
26030078,11072,"ToD+MPLjCFKvwzAWAN2xNnQP5VgnxrW2DfVsEHLJnUY1/+ZzuGf9BikngwbS3tQA6a4A1nxv23j6sWF1THJZCDcp+K73wgr71Of6YwPCjBHoRuldYmzcBC4ZyFJScvFcDLvcBCcqY2mS0jKyPN9g/83SWXB8pdYleTuqhvUPsDdBW0k8mEnHG72ePI94XMBvwHvqcAq324E1z1IvI3jHQXWuyc6YYFSuBQgJfesgm6gxSpMfmDnxiEQtCLdYg2MekkUedxLhOEWAFifayjLXhhwVIxEYutOZA6aN7WWJ2TJ/pByhdJRLHSp7+Zmwo67CPSn/3d5dJ9D70wcAvP5wa0QD03dz7hOAnxRLpMoa4UwU7GlxIbCzllyEZ6M048Zo/YHXQq9055y+1p08Gx0t9aAXhUJEXIsL0M49kOV0VVHd2JtPpYAyuBglBAdpacJ/5qYW36J8G6/ddxDNgG8VUKBUf+z0MvDUbkkPxjQqIG3erjSgA7AwmAoFWyeSUEfFVUrBOvazilPZUQQLz5W2AsBQdnNHGWY7ffTHLSf0Z2Lr3Bye1KJI+rx+h1uZ6ATBh40KMcvys2zYUVSnUU76HGwiE9yZtWY0ht6vx+ZzD+dDTgiNpWm5crYMVNBuf7Iz5inC/nWqCEjcZByqLTqVzZ5W4WM6xIdWyuLNDEd3stzBPMt/nVzCr+8DBxevS5vkVy70mGmojE+B1ps98t52lkl6vveG775qxCXFnLZoSIyXDkN8ITna4VtQABHOnhKK"
26030078,11073,"fWNVpAfA2Q6fhxFICJwTev/NlPoTtVaKmJK4LcVOvZ0P53gF1L4x9DTr9JSexkWDUX+9XTfCnSgY7i3M+7ANZ3B/cU9ru8gj9rr33XyPkeLF1bcFnnKBXpQr28Q6nf4JPOR7Z27WNXCYimD8pn9Yc3RIXq9i8M4ofQ/iRDDnxA6xuDk7nr/0vxdBBer6nHZmUOvQRNmzJGol1Do3awGyoVp7qtzL7otQNSdHxIW5nEQKgmNxGM3E/SHAuaDnt1YlGM2LRK1EbE5Lcxn3dv/7L4PVX8FAoIVX0gU3emdsluWSGO6eS2DjGYCiA/ggkUEiWLR+oMmOPWttQW1Q6AUwe7jGUBVKhlatOJ6ATR0xJQtxeaZWlAxiR7fHRBr+x7wWHHIfEf5pXnjO0K1smPO2PJlUgfOaMfawKWPLo3RpecSgjfBut/PmJBy0s3Be3uxprui0DrPapTDK6LyEYlVj/sLJwSZf0SJCF0dwrYEZ+HHVOpsfke3UlAY1c2I/EKg/uAOUS4D4dLTlhGmViFJHSi9wv90CtRyJ71IkgirHPt6h2RwNihKRFc48ozEo6/ojqrd9ZtLabpEa6OuhKpaNYEHKI/IuQNMhDibH0GZ0+3HUzkRKYwSh1IwNjpJGe2XqZkYQLL7IUxfyFtVbifiZN+E8l/eWR9TWUbO2V+cQGCKyEiZbAALegeU3d5MCMNfspnsW/iFLRdjJqhwhxfGiFVBe/fH9TgxeXfpqqvJuxPk="
26030078,11074,"M1/maAXxohXVk1o01e7bIu152gl9ONlvBXDLNqVBcbWQ1980tpTQI0km/VeDKSATdT0nh9/394WVR5lPoqOivjPG19chkyFUHQmxpl1+v9GwqBvK9isHrGT++NgBZEPhmD7f51K8qVf/n33CZc4SWlwPdDORwR0P9wDqZWOwwZPy3H3hTpAI0BhT3Q3ssewJJ13aM3J/T1HIl6d9g7Ou+LItkZR9RprgW2pjepHrPOb5crHmUlekMQ1CzcjKUcHODSjoG8g2hlxeAoUgjIGU9IeSTwZDAohFRmAJsPcktDn6UYUSSDDsKZgPJXQvrA7ik6gY0v09Jgva+tBdZsDw7PG/Jn+cjyguyCHN8AkVPAv7QeVJ0XLdoUEh5c8fBxCHnUIUT9J1YWxYcQ/wgLBc1d207IyE2DXDgLfiHJ3DYU4ltUeqVx7jS1y/z4WBhHE/8RvTNyiELenky3r5NbrOdEwWimLDGox8fy8XdLFlEkk8zYiAvJIJJTCmnDeEwnUIIgeEb7kRg4PmXNNeECba+xKczbzdjgF+Aa1uo9p/OoeOc2Mx+pH4LkYIDaL/TU4+Ee+W/46KiqAqzmlVIkWyCZmTtYbKp75/vjMEjaJfrqS9n90ZIImBNGWXgwV3/ArdPK71m4NIoUW/6/bRWPD5g/dJjudKhpZrw9ar3KIS4JllgHTZ31LYi0uJeUWS+AM3DwgwwoLtoXV2T6tTmiWAVgNfL131UgT6fCacnfgQlS/24JePS9MFz/crmh9weWrb"
26030078,11075,"y9ZZyVxDR334NBOiWtRTbbdUGtIobXpbCgNlswJASTVP7epiryUAY89b8mp4t94Jy/C2aXQ/jM9kmafDnqOnjB7qRotz17tf1/S7WicOrlqkPjHIitDQu29TlgEHmNJt+O9UiaXZz/vjLJnkIhoWMm/ZxhuKW3xR4P/d07mffCDxmkNf4XRcW8qGbVQ5VZccz2rK5jsQjvuIG5/ElmuFuMF8cL3onvr2lZYNLC6lA5/31cp3vOOnmtenkjYwrTbC6usuwuUFknO7nqQxEbJae/qoatblfaqjl1iM9X6XOdgsL92C22kn0cs9QslwBzi7GAqt5h0rTKNNPhRusFGeleRQg31KiAlB6qeBJ8GU6pCsCPQc3OeFWJLweIdi+EC8n/EIr/90taj/TbhVnNEmRldbrqsaYqu3/nycg7ExGxt3ubzPWXoonfreMgpfx8RVecZZyV9HeSPTy4IADLVrndJCBDu6NBDJ8jW95CxPPBrMXmePrc9RLqT/T2Lm2D4x8+98bhfdNnomUnCMOyAr6h3/yuO9/oPVaoEGyFn4n/amO2WYf/9twBIZKwHpqp7SAPz7gKoYglJ4bM/g0OVRpig4MVfI9HduOon9r9PirpI/P8nTbuQ6YXsQCYPeqk+hzpPChjaEPgA+el3we9P9jJf8A6KtQfSsn5ydbqTemoysJQ5HKdBXbTLg9+Z2mgbDVN1MiJSauZ2vYAFEFmcCphcdNoHPyaBgKCoa4oWqtZc1/M54TSglFZjKSRL8xoVB"
26030078,11077,"OOh1b2lELCXfyXWJPxaTD7AQ3vzT4ezOTvCMUrd8URT451PRlLuUY++5TeX1M1lIpT94/RsgRFWFWRbe5HZc/DInbhk7TYMo32Mo3Rqo4F6W6m5wD64yemLiI0kfAvW8gObYI81ygH3bvSMlEBxr+KWCQVdmaHxAfvCpswpEUzVZYpJ10LKDCyr44ZdXl926OXAlRxNSNuoiRFj5Q+uJKqU9Pe2Y5jf7bCzuYX3AEkeyaucRy+K25VfpsfJ4wijC8P6rib8B8sImjp5o5q5mTbcsgVuvLvtvfvHLhoV2RP0wNuCgQRXot/6j1O9R4nlbeZxZ/QLtn615Ih5bDli3NsQMOm+PhANCmeVxbYRa9HCvguiRg0g8YorxQoGoppByk+rFT0UtLp/KwB4x8bF6FkAuAsqVgHmqhY1oMtsSov1eTI7Frb3zOb3y5/fJAfg5DK83JPE6eBOLy8TG4vsjH77z1QiwBVt2Qviu+sn1useFmeGCgpltC8klPqYckJQRooYYxG+bJlg8BkR7DVp/N599MCjGLz22Saei+aVsthlq1fkfZhpEyA+q2jpEIS7bseovCk1cw4OHi4ryT8gk0WjxFpuvbi9MRPEr91/2A45DSSbcNhbmj95kS1Uwu2lBT8Bf4WLaZPMDD6+bt0P59A1xCdk+U+WJf3U3gil3SH/3B+YHr+WO+ZGv2unSOvbKrIChrrFAagI3bCzVndpvS7CT8+EkdGneXjWZA7QCcp4="
26030078,11078,"1GUaQEtccPksrsUUqndRHd+ejMGpQYRBrIA7GcBe+WiXE5W9P+SAFzR9vu46ZokvTyehslueK2DPhSX+hjURPEdAKoszWXfniSOqZmM2Va5UFHgauy+lxa9NhDH3Lmq6AQH1H3wq0WiLTHgpObi3ufzJXT36dBs19Ck59vSvmgsnNP098EJrB/zTmxpNDedK2BcYTrNwM1EZ3nxhRW4m11fIFE/fCaTVP58TbMcHEm8oS0+96XDDl6qpOHmVerQdPuW4Loahwzp4Y7u7vAnHdlu8Yz3rruXKdYyjHuLCVGdJpVMkXDEQRQTR9j3ISG3wEXxqVsFhuo0VrA7+v6b9FmsaGUXIG7V1j/+XTMw6fxKT5l30HkrAbdLShubPgSZGce1l3di4r0AoXfweUBHffKhxwstoU9txTN+THuB3+18UwXyCGbynd0VML3yegdG+p/riXNpoHwm0MOlbDGFuGyFH3ti+zjypoePpCOoTKiUYGDyeQNQOokajjFh+8r1UN2wfY5SdxikX6SMsRyZ9asEt81R7eO4JVtEb6v8PPRaknJVvIxFLlYxCjKqTpFxl68m9rwSV8fu5BzYHUBV/nCIRI6OLuiO0D7UdovQW1og/R/kQx+aUazYLFkqOsAxfGSeSKRpSrqcFdXUghN3khe2YEqmBbfH1VFiXTbblLOjkTyOfYP+vPhMgG9gZBPyh1yt1mS5Qmsdj6u3SrOb0MYqr1rw/eAWctnbKuFKD24+1qvxYcneg2rixRJWM9gt2"
26030078,11079,"jwlTQ7y2YVT7sLuNF07IyMFeguBztKwEnvLl3cnNWTT6Z+/8vFF+uyvWwvxqxc4z/BSSfGGVlE78RkwxV0qeFx1vd/QyMe53V6SPcGiDj7jphcoyGCiqB7X4kT5H9SZdsbwvNTejSulxozdoXrsjPr89EHWS9YAYOC70ifhXAgK568krGkUgE0MyTsbn27IttF4X52KFpXiJ38Yf1+9K3RaltJksbE2/4N6eDDIzvsbpKUuGKz6Wr5l404sGLtPe8LlrzqMcBVQPjL6pkKlF1Of+gIXphX7MtMLGubPlmKAB3yEWemtvhPVqVebqlxNm1VdefPNLDgCjwgC3HF2lpFBruM52/c+RHJHQu/0+5J2DhuCRLn/T18Vl2xYWqK7karFOvtgNH9dq78RZHpk3H2xi/ygbS7DpVGTKjhZ0WRD3fYbV4dnBCbK+qpWK3vO4n1vRfs8gyJNHLN6lkLyQNiNCiM/1Gx1AeaVZowoaupOOxZSPOaAO9pLBHLFUOVLgLQvSOoNt3NQJd3a0RFYDkEfF/lXzZMKP9k/NLUryRG0vawQgmWBMv1SL/rPBzzwBtKISTxHQstT6lONLgd0Hhe1ytUyTa+5zkc0EaG6fZa1RHI8nTOhReeOLhSVHOQcldTJQ/8YSwkuieEhEe6mdF4U1k1bn25t1S2T86QocPHoB/eheMLK+uOimb9Tr+dXLLao4KsrB2KkoS9nnpLSlqfXSTtk7gyWwyCZXfvB4VeyQ3Ioki1I6+jAKIrwmf0LS"
26030078,11082,"B47RmY7jkKfkFgDB08qpxsY8jyKrIng9WuALypBYiQkBD/nBRDMeOi8ZNQcWrsEs4UPKHKJVoOC04TZ6lsEeComM/yWwRgC+Cceich0x4NrlwhHTuD9zyEh5YilIAPk4QsKXzmjgxSu1oQLmGOY91TMr7j4aW4WMMu6AjNmH0Gy7uFqn4Qdt/v0ToT93dS8Az/Kq/b3EWCC+7LBvZXJQg3z6bhmzp0MXLGBHsbTTSuHjbH1RJ6Gf/sb08H0qHsDmQ41RsBmO/MAdRLKENje7Ef0WLeD6shVzklTNNBAhacVfIcCSJtJ8F4xRORjUrpHuAiEpoj5evtgCbN3fwCjdIj4Y1BfTn+FB8NQmq4QfLI1tfZCmocf8s5Yd32NjEfnL0qJAV0A4LUWL/7NdY5mD3IHE/R/e8NhRLR5BOlGi+8XbDEHYS9qP37E8XgIxZ6NT3981LBKAYZaqxdTwFH6HUR8B7qk/ZoWF6ZMQ8YpnNlzmR0hw1jNUsuXBhWwndmi1RdTpfeP77jIjG77mzI78Vmgvau2xBE9ZwpuPgbsrvFkMEhTdsKefIK1g8lqSLM0dxmSerFMWnUqaMCx6l0DgdxKgls05FMbIPW400neOodU6SLIFYO4XNH9LWUAg5tefts6Dcc8OWu4KMqLeuUP3rXt/hcnW56s0pQgCPkJdFyzjE0J/Q1gVufcecJGxNaS7YCWyTDb5pTiLJncpQoKpRjW0FU+yr8L4wT/372BZwjxREMJB/A6jwU49m+AmUgiX"
26030078,11083,"HkIWpe5KC4oqVbi6k1hWaAa5eg6fkVxdbf9Jj5jtwl37xFLi82pGiu0gIQvOzkXNQ7YHgX/LGL0kyz7Pq+gFs/yFXvapLPIrY/XZOdlE/gudDOkltru4QAUL//sKg6sALUOcqqOiQFpe5k6Bqrwifkn2Cmi054Lvae3V1r38aiHDyzR4tQCMNhpkC6MMwrJ6yQzXNaWUMRPxj0S9z+h4iDd8rTbMg73v9Gycde7NQUuYRs4bPBYGvZ0I9cZSpOMU8mL0iv3NNXjURHINsqXvncrYSQ71JffB9w/2Dwn8FgVdb9jdwbGNj4NzAZvjCLrKxzf/YCIvG4cBFpsJnDJJI/a3f0IOYTnl7a/vf5QihH2ysR+AIMhFTQWbkppTAVs1qo6UM+jWkN5Ezll74sLas02lDS9zw4ofjK3r84kP7/XZcCdw++zjYYpdoZ7AM3kxpAE+oQ2/ZSYfM5/qRYL2MxZHOXxe3QH6uKPr4657WS2SD5qkJ6Ie1ooFBDKA1uyGDmHcfs+aAvACDWsbFDwz9++063dirx6YLpL84OaZW1+p/qeQJ1iqXKZqUYiNRQS2heJRE6ldgKe1IQ3Cgeq9siGOvHREFiACl4Lw0t4GApL5WTkma3zcukzJJXL0yV5HRR+8hGY1y7g7zhj4jb+jLvHYu2AI/XUivblHpiOrY5Ag/CMeDkZQv/HpaEAOg9ABlHmrkEUSjBwQ3S/Jwpetsjopvz8AAz+ciJ0Yz9ftWwc="
